{"offsets":{"acceleration":{"dx":0.01392511185258627,"dy":0.009811991825699806,"dz":0.003531812457367778,"unit":"g","x":0.10709594935178757,"y":-0.03690740466117859,"z":-2.096649169921875},"gyro":{"dx":0.06628185510635376,"dy":0.022600868716835976,"dz":0.7879316210746765,"unit":"°/s","x":-1.783469796180725,"y":-0.3531297743320465,"z":0.02706453949213028}}}