{"offsets":{"acceleration":{"dx":0.005349092651158571,"dy":0.006854041013866663,"dz":0.005959850735962391,"unit":"g","x":0.1545405238866806,"y":-0.006870280019938946,"z":-2.0924031734466553},"gyro":{"dx":0.036745887249708176,"dy":0.022322705015540123,"dz":0.39305564761161804,"unit":"°/s","x":-1.6317659616470337,"y":-0.177262082695961,"z":-0.19296692311763763}}}