{
    "offsets": {
        "acceleration": {
            "dx": 0.002767118625342846,
            "dy": 0.001781050581485033,
            "dz": 0.000986019498668611,
            "unit": "g",
            "x": 0.0855,
            "y": -0.040,
            "z": -2.100
        },
        "gyro": {
            "dx": 0.1580374836921692,
            "dy": 0.11729259043931961,
            "dz": 0.5923195481300354,
            "unit": "°/s",
            "x": -1.9415266513824463,
            "y": -0.26519083976745605,
            "z": 0.02274809405207634
        }
    }
}