{"offsets":{"acceleration":{"dx":0.0004981833044439554,"dy":0.0004701418220065534,"dz":0.002409100765362382,"unit":"g","x":0.08329401165246964,"y":-0.025903653353452682,"z":-2.093039035797119},"gyro":{"dx":0.013663661666214466,"dy":0.01659061387181282,"dz":0.014674591831862926,"unit":"°/s","x":-1.698154091835022,"y":-0.356377512216568,"z":0.2426370531320572}}}