{"offsets":{"acceleration":{"dx":0.008925680071115494,"dy":0.009303542785346508,"dz":0.001823274651542306,"unit":"g","x":0.2175149768590927,"y":-0.013901285827159882,"z":-2.0783939361572266},"gyro":{"dx":0.06298913806676865,"dy":0.018609562888741493,"dz":0.44881168007850647,"unit":"°/s","x":-1.6831042766571045,"y":-0.35685497522354126,"z":0.09615267068147659}}}