{"offsets":{"acceleration":{"dx":0.018876049667596817,"dy":0.017469849437475204,"dz":0.018018534407019615,"unit":"g","x":0.09186523407697678,"y":-0.04496215656399727,"z":-2.105847120285034},"gyro":{"dx":0.17610548436641693,"dy":0.4665839374065399,"dz":1.7498180866241455,"unit":"°/s","x":-1.9911450147628784,"y":-0.3862595558166504,"z":0.13679389655590057}}}