{"offsets":{"acceleration":{"dx":0.0005818894132971764,"dy":0.00048573719686828554,"dz":0.0008265590877272189,"unit":"g","x":0.08201920241117477,"y":-0.01575496420264244,"z":-2.0894362926483154},"gyro":{"dx":0.014682597480714321,"dy":0.01584198884665966,"dz":0.01299870852380991,"unit":"°/s","x":-1.6471552848815918,"y":-0.3633587658405304,"z":0.1868905872106552}}}