{
    "offsets": {
        "acceleration": {
            "dx": 0.0005544250598177314,
            "dy": 0.0007700408459641039,
            "dz": 0.0008904775022529066,
            "unit": "g",
            "x": 0.08901794254779816,
            "y": -0.03677038475871086,
            "z": -2.099470853805542
        },
        "gyro": {
            "dx": 0.024843908846378326,
            "dy": 0.021486185491085052,
            "dz": 0.0220644474029541,
            "unit": "°/s",
            "x": -1.8729007244110107,
            "y": -0.36230534315109253,
            "z": 0.09361831843852997
        }
    }
}