{"offsets":{"acceleration":{"dx":0.0004931139992550015,"dy":0.0004915078170597553,"dz":0.0007971784216351807,"unit":"g","x":0.08243430405855179,"y":-0.013652455061674118,"z":-2.0881688594818115},"gyro":{"dx":0.013474383391439915,"dy":0.01822773925960064,"dz":0.014004082418978214,"unit":"°/s","x":-1.6230812072753906,"y":-0.36131852865219116,"z":0.19453157484531403}}}