{"offsets":{"acceleration":{"dx":0.004466077778488398,"dy":0.0025792077649384737,"dz":0.015010131523013115,"unit":"g","x":0.15225474536418915,"y":-0.02655883878469467,"z":-2.0799756050109863},"gyro":{"dx":0.0755949318408966,"dy":0.019412493333220482,"dz":0.6585711240768433,"unit":"°/s","x":-1.6150728464126587,"y":-0.3670923113822937,"z":0.03560027852654457}}}