{"offsets":{"acceleration":{"dx":0.0005532915820367634,"dy":0.00047547617577947676,"dz":0.0011180801084265113,"unit":"g","x":0.1361539363861084,"y":-0.01978466846048832,"z":-2.095973491668701},"gyro":{"dx":0.013372180983424187,"dy":0.01698254980146885,"dz":0.013185685500502586,"unit":"°/s","x":-1.8174275159835815,"y":-0.3421221375465393,"z":0.08756488561630249}}}