{"offsets":{"acceleration":{"dx":0.0006042058230377734,"dy":0.0037786955945193768,"dz":0.0014375046594068408,"unit":"g","x":0.18562231957912445,"y":-0.026716958731412888,"z":-2.0923917293548584},"gyro":{"dx":0.016985205933451653,"dy":0.020222602412104607,"dz":0.01964261382818222,"unit":"°/s","x":-1.6710025072097778,"y":-0.19517557322978973,"z":0.1556132286787033}}}