{"offsets":{"acceleration":{"dx":0.0034752823412418365,"dy":0.005552378948777914,"dz":0.0013298449339345098,"unit":"g","x":0.17280817031860352,"y":-0.013555575162172318,"z":-2.0819923877716064},"gyro":{"dx":0.1609293669462204,"dy":0.07765357196331024,"dz":1.1405398845672607,"unit":"°/s","x":-1.6384177207946777,"y":-0.3761693239212036,"z":0.08996530622243881}}}