{"offsets":{"acceleration":{"dx":0.006255964282900095,"dy":0.008222013711929321,"dz":0.002749788574874401,"unit":"g","x":0.08882690221071243,"y":-0.04698730632662773,"z":-2.101078987121582},"gyro":{"dx":0.09154700487852097,"dy":0.11930352449417114,"dz":0.4697261154651642,"unit":"°/s","x":-2.0161831378936768,"y":-0.28717556595802307,"z":-0.01847328245639801}}}