{"offsets":{"acceleration":{"dx":0.0005114158266223967,"dy":0.000552747689653188,"dz":0.0007842691848054528,"unit":"g","x":0.08085460215806961,"y":-0.014361794106662273,"z":-2.0881614685058594},"gyro":{"dx":0.015254390425980091,"dy":0.01680612564086914,"dz":0.013380668126046658,"unit":"°/s","x":-1.6204719543457031,"y":-0.3596113920211792,"z":0.1943095177412033}}}