{"offsets":{"acceleration":{"dx":0.0005377123598009348,"dy":0.0004967550630681217,"dz":0.0008574167150072753,"unit":"g","x":0.11065851151943207,"y":-0.027400696650147438,"z":-2.089798927307129},"gyro":{"dx":0.015350005589425564,"dy":0.019425665959715843,"dz":0.014084904454648495,"unit":"°/s","x":-1.662213683128357,"y":-0.3844885528087616,"z":0.06652671843767166}}}